birth_date,first_name,last_name
01/22/2019,Hashim,McLagan
12/13/2018,Edward,Williams
08/03/2018,William,Harper
04/16/2019,Brandy,Bradford
04/01/2019,Bernardo,Klimashevich
03/27/2019,Alex,Allen
06/11/2019,Victoria,Cabrera
02/10/2020,Kirk,Miller
10/12/2018,Samuel,Tran
10/24/2018,Mandy,Luna
08/29/2018,Susan,Bates
06/15/2019,Jeffery,Brady
11/10/2019,Eric,Macdonald
06/13/2020,Amanda,Warner
12/10/2019,Marcus,Reyes
07/19/2019,Douglas,Campbell
10/07/2018,Ashley,Jacobs
11/14/2019,Jonathan,Parks
09/23/2018,Michele,Bryant
12/04/2018,Catherine,Porter
03/18/2020,Lauren,Stevens
08/26/2019,Peter,Turner
08/09/2019,Starr,McMenamy
05/07/2019,Christopher,Clark
02/10/2020,Cindy,Diaz
10/18/2018,Amy,Joseph
07/27/2019,Elizabeth,Garcia
04/08/2019,Philip,Murphy
12/10/2019,William,Fitzgerald
12/02/2019,Cindy,Davis
01/31/2019,Wyatt,Johnson
01/08/2020,Franz,Gowthrop
10/08/2019,Donna,Hoffman
05/03/2019,Dana,Wright
08/29/2018,James,Barnes
01/30/2019,Joseph,Welch
07/14/2019,Dana,King
11/22/2019,Jessica,Weaver
04/28/2019,Albert,Cummings
01/23/2020,Amy,Hogan
08/15/2018,Jennifer,Browning
02/28/2019,Thomas,Clay
07/20/2020,Marcus,Mcintyre
07/13/2019,Binnie,Nann
07/19/2019,Ricardo,Zuniga
08/11/2018,Jennifer,Reed
07/20/2020,Samantha,Freeman
10/23/2019,Anna,Stevens
05/17/2020,Kevin,Sanders
08/19/2019,Eric,Walton
11/18/2018,Amanda,Wright
10/26/2019,Travis,Simmons
11/05/2018,Eric,Garcia
06/05/2020,Matthew,Peters
09/07/2018,Jeremy,Castillo
05/11/2020,Daisy,Johnston
12/21/2018,Christina,Bowman
06/21/2019,Linda,Turner
08/07/2018,Kathryn,Castro
05/12/2020,Stephen,Tucker
12/01/2019,Lisa,White
11/18/2018,David,Vaughn
10/01/2019,Debra,Reed
05/28/2020,Gabriela,Norris
08/18/2018,Dustin,Boyer
06/05/2019,James,Robinson
10/08/2019,James,Turner
05/03/2020,Michael,Montoya
07/12/2019,David,Brown
06/17/2020,Amber,Gonzales
03/24/2020,Nicholas,Martin
08/21/2018,Christy,Jacobson
05/24/2020,Susan,Jefferson
01/12/2020,Wendy,White
10/16/2019,Adam,Wilson
12/23/2018,Kathy,Perez
10/06/2019,William,Rodriguez
12/19/2018,Joseph,Stewart
08/18/2018,Michael,Russo
02/26/2020,Andra,Harper
02/20/2019,Benjamin,Diaz
07/10/2020,Joseph,Velez
04/18/2019,Jesse,Turner
05/27/2019,Marc,Brown
03/25/2019,Kim,Turner
11/19/2019,Eileen,Montoya
12/17/2019,Marcus,Taylor
07/07/2019,Micheal,Weber
01/28/2019,Tony,Cameron
04/18/2019,James,Khan
04/16/2020,Michael,Barber
05/18/2019,Nicole,Morse
08/14/2018,Jennifer,Obrien
03/30/2020,Ashley,Miller
10/30/2019,Megan,Johnson
12/28/2018,James,Clark
05/08/2020,George,Arroyo
03/17/2020,Ronald,Nguyen
02/17/2019,Robert,Thompson
10/07/2018,Kevin,Martinez
01/08/2019,Wendy,Cohen
11/08/2019,Lisa,Hampton
06/01/2020,Barbara,House
05/11/2020,John,Pitts
03/30/2019,Allen,Fitzgerald
12/21/2019,Jasmine,Lewis
12/27/2018,Melissa,Reyes
01/25/2020,Katie,Hayes
08/01/2019,Shane,Garcia
04/10/2020,Tammy,Weiss
08/16/2019,Luis,Kelly
02/25/2020,Joseph,Gomez
03/15/2019,Corey,Melendez
02/27/2020,Amy,Bailey
04/30/2020,Michael,Wheeler
01/14/2020,Matthew,Simmons
10/15/2018,Ashley,Joseph
07/14/2019,Daniel,Mayer
05/19/2020,Emily,Stanton
05/12/2019,Patricia,Werner
07/28/2019,John,Brown
12/18/2018,Jaime,Thomas
06/23/2020,Gregory,Pacheco
02/27/2019,Thomas,Baker
03/28/2019,Ray,Malkie
01/25/2020,Tara,Dorsey
09/13/2019,Sara,Wheeler
04/14/2020,Kenneth,Anderson
11/14/2018,Destiny,Garcia
05/03/2019,Robert,Becker
06/24/2019,Brinn,Crummay
07/23/2019,Melissa,Anderson
07/15/2019,Thomas,Pierce
10/23/2019,Molly,Cook
11/16/2018,Nicole,Lee
05/14/2019,Emily,Scott
05/19/2020,Adrian,Jones
06/30/2020,Alexis,Ramsey
12/04/2019,Jonathan,Diaz
01/02/2020,Sarah,Wilson
01/29/2020,Rhonda,Johnson
03/09/2019,Zachary,Jackson
03/14/2020,Ashlee,Mccullough
03/28/2020,Amy,Walters
02/29/2020,Katie,Bryant
01/22/2019,Joseph,Meyer
07/14/2020,Kelsey,Sullivan
06/22/2020,Jeffery,Mckinney
10/04/2018,Amanda,Maldonado
09/13/2019,Pamela,Munoz
07/02/2020,Karen,Edwards
09/16/2019,Susan,Clarke
11/26/2019,Courtney,Pena
08/19/2018,Noah,Yoder
02/22/2019,Angela,Brooks
11/17/2018,Jeff,Garcia
09/20/2019,James,Rodriguez
11/01/2019,Harold,Benjamin
04/09/2020,Dale,Morris
01/14/2019,Christopher,Ward
04/22/2020,Kelly,King
11/19/2018,Kelly,Miller
12/07/2018,William,Choi
09/28/2018,Pamela,Stanley
03/04/2019,Fabian,Croydon
07/03/2020,Jessica,Ewing
02/03/2020,Sean,Stafford
02/02/2020,Patricia,Smith
09/27/2018,Brandon,Smith
11/15/2019,Jose,Lewis
12/10/2019,Timothy,Wade
05/03/2019,Marie,Warner
08/01/2019,James,Boyd
06/27/2019,Edward,Rogers
02/23/2020,Samuel,Jensen
05/08/2020,Lindsay,Crawford
02/09/2020,Amanda,Cline
12/09/2019,April,Carr
07/19/2020,Andrew,Snyder
11/14/2019,Melanie,Hamilton
12/10/2019,Kelly,Powell
04/25/2019,Leon,Shelton
10/18/2019,Angela,Schmidt
10/07/2019,Christopher,Chavez
06/11/2019,Virginia,Rodriguez
05/29/2019,Frederick,Richards
06/21/2019,Tony,Scott
05/06/2020,Alexander,Thomas
10/29/2019,Brian,Schneider
10/18/2019,Brittney,Harris
12/10/2019,Samuel,Schmidt
06/26/2019,Glen,Green
06/19/2020,Jacob,Beasley
11/12/2019,Lee,Day
09/11/2018,Julie,Lindsey
12/29/2019,Stephen,Hines
05/29/2020,Amber,Santiago
05/25/2019,Michael,Blackwell
03/29/2020,Patricia,Lee
05/05/2020,Brandi,Clark
01/20/2020,Bryan,Gibbs
08/23/2019,Yorgos,Selland
11/07/2018,Emily,Anderson
06/19/2019,Alison,Salas
09/23/2019,Heather,Lloyd
02/22/2019,Kimberly,Adams
03/25/2020,Eric,Gibson
03/12/2019,Janet,Walsh
09/21/2019,Cheryl,Church
10/23/2019,Kimberly,Robinson
03/21/2019,Gary,Anderson
09/09/2018,Zachary,Johnson
07/22/2020,Joy,Perry
01/29/2020,Angela,Henry
05/07/2020,Michael,Gonzalez
07/07/2020,Richard,Erickson
09/24/2018,Jill,Frey
03/28/2019,Marcus,Thornton
04/12/2020,Rachel,Vasquez
09/14/2018,Rachel,Gonzalez
11/03/2018,Emily,King
02/22/2020,Karen,Quinn
06/11/2019,Tina,King
04/01/2020,Alice,Gonzales
10/20/2019,Ryan,Taylor
01/18/2020,Karen,Griffin
10/01/2019,Jennifer,Benson
08/23/2018,Ricardo,Thomas
05/20/2019,David,Shaw
01/21/2020,Tara,Vazquez
05/21/2019,Lori,Wagner
11/03/2018,Daniel,Rivera
01/27/2020,Tiffany,Greer
10/28/2019,Andrea,Buck
07/03/2019,Brian,Lee
01/07/2020,Aaron,Shepard
01/08/2020,Isabelle,Jestico
05/18/2020,Elaine,Riley
09/11/2018,Mary,Elliott
12/12/2018,Jim,Singleton
04/23/2019,Melissa,Brown
11/05/2019,Michelle,Porter
10/15/2019,Jody,Edwards
01/27/2020,Margaret,Wallace
04/04/2020,Ryan,Hensley
01/16/2019,Electra,Gallo
03/05/2019,Sharon,Jones
01/01/2020,Alicia,Mason
07/16/2019,April,Jackson
11/22/2018,William,Love
05/16/2020,Jonathan,Richardson
01/31/2019,John,Brown
01/05/2020,Randell,Bickersteth
06/13/2020,Christopher,Walker
01/30/2019,Christopher,Harris
06/19/2019,Juan,Knight
10/11/2018,Tyler,Daniel
06/16/2020,Robert,Robles
08/11/2018,Andrew,Barnes
05/31/2019,Matthew,Holloway
09/08/2019,Alexis,Sullivan
10/30/2019,Edwin,Bennett
04/01/2020,Joseph,Hanson
06/17/2020,Amy,Richmond
04/17/2020,Findlay,Mercik
04/18/2019,Adam,Juarez
01/06/2020,Amy,Warren
11/18/2018,Bobby,Wilson
06/16/2019,Corey,Rose
12/27/2018,Mark,Martin
10/03/2019,Vanessa,Smith
02/05/2020,Timothy,Lawrence
11/24/2018,Jackie,Cole
06/17/2019,Philip,Flores
01/14/2020,Natalie,Moore
09/05/2019,Anthony,Flores
06/28/2019,Lisa,Anthony
10/28/2019,Melissa,Khan
01/27/2019,Reginald,Anderson
05/30/2019,Kristen,Hoover
11/17/2018,Sarah,Brown
04/27/2019,Angela,Russell
10/27/2019,Amber,Williams
08/14/2019,Deborah,Lozano
11/19/2018,Jorge,Jones
07/06/2020,Jasmine,Mccarthy
10/08/2018,Kelli,Orr
10/22/2019,Terri,Lindsey
07/13/2020,Marcus,Callahan
08/18/2018,Matthew,Ortiz
09/09/2019,Morgan,Baker
08/14/2019,Ashlee,Peterson
08/07/2019,Andrew,Baker
09/06/2019,Heather,Gonzalez
03/24/2019,Kimberly,Brown
04/23/2020,Christina,Stanley
10/16/2018,Joshua,Woods
05/08/2019,Kelly,Travis
09/22/2018,Derrick,Cook
02/11/2020,John,Owens
